INSERT INTO DISCOUNT (ID, NAME, NET_DISCOUNT_VALUE, PERCENTAGE) values (1, 'Rabat 1', 112.00, null);
INSERT INTO DISCOUNT (ID, NAME, NET_DISCOUNT_VALUE, PERCENTAGE) values (2, 'Rabat 2', 10, null);
INSERT INTO DISCOUNT (ID, NAME, NET_DISCOUNT_VALUE, PERCENTAGE) values (3, 'Rabat 3', null, 10);
INSERT INTO DISCOUNT (ID, NAME, NET_DISCOUNT_VALUE, PERCENTAGE) values (4, 'Rabat 4', null, 50);


INSERT INTO DINNER (ID, NAME, NET_PRICE, TAX_AMOUNT) values (1, 'Danie1', 100, 23);
INSERT INTO DINNER(ID, NAME, NET_PRICE, TAX_AMOUNT) values (2, 'Danie 2', 1, 0);
INSERT INTO DINNER(ID, NAME, NET_PRICE, TAX_AMOUNT) values (3, 'Danie 3', 50, 5);
INSERT INTO DINNER(ID, NAME, NET_PRICE, TAX_AMOUNT) values (4, 'Danie 4', 25.50, 8);

INSERT INTO TABLE(ID, NUMBER_OF_SEATS) values (1, 5);
INSERT INTO TABLE(ID, NUMBER_OF_SEATS) values (2, 10);
INSERT INTO TABLE(ID, NUMBER_OF_SEATS) values (3, 20);
INSERT INTO TABLE(ID, NUMBER_OF_SEATS) values (4, 2);

INSERT INTO ORDERS(ID, ACCOUNT_TYPE, CLOSE, GROSS_PRICE, PAID, DISCOUNT_ID, TABLE_ID) values (1, 'RECEIPT', false, 123.00, false, null, 1);
INSERT INTO ORDERS(ID, ACCOUNT_TYPE, CLOSE, GROSS_PRICE, PAID, DISCOUNT_ID, TABLE_ID) values (2, 'INVOICE', true, 1000, true, null, 1);

INSERT INTO ORDERS(ID, ACCOUNT_TYPE, CLOSE, GROSS_PRICE, PAID, DISCOUNT_ID, TABLE_ID) values (3, 'RECEIPT', false, 500, true, null, 2);
INSERT INTO ORDERS(ID, ACCOUNT_TYPE, CLOSE, GROSS_PRICE, PAID, DISCOUNT_ID, TABLE_ID) values (4, 'RECEIPT', true, 1, true, null, 3);

INSERT INTO DINNER_WRAPPER (COUNT, DINNER_ID, ORDER_ID) VALUES (1, 1, 1);
INSERT INTO DINNER_WRAPPER (COUNT, DINNER_ID, ORDER_ID) VALUES (1000, 2, 2);
INSERT INTO DINNER_WRAPPER (COUNT, DINNER_ID, ORDER_ID) VALUES (10, 3, 3);
INSERT INTO DINNER_WRAPPER (COUNT, DINNER_ID, ORDER_ID) VALUES (1, 2, 4);