<?xml version="1.0" encoding="UTF-8"?>
<mxGraphModel dx="3353" dy="480" grid="1" gridSize="10" guides="1" tooltips="1" connect="1" arrows="1" fold="1" page="1" pageScale="1" pageWidth="827" pageHeight="1169" math="0" shadow="0"><root><mxCell id="0"/><mxCell id="1" parent="0"/><mxCell id="jCo7z6Fb_ZLnUFFF39sK-2" value="&lt;p style=&quot;margin: 0px ; margin-top: 4px ; text-align: center&quot;&gt;&lt;b&gt;UserService&lt;/b&gt;&lt;/p&gt;&lt;hr size=&quot;1&quot;&gt;&lt;p style=&quot;margin: 0px ; margin-left: 4px&quot;&gt;+ Loader: AbstractDataMenager&lt;/p&gt;&lt;p style=&quot;margin: 0px ; margin-left: 4px&quot;&gt;- userList: Vector&amp;lt;User&amp;gt;&lt;/p&gt;&lt;p style=&quot;margin: 0px ; margin-left: 4px&quot;&gt;- logedUser: User&amp;nbsp;&lt;/p&gt;&lt;hr size=&quot;1&quot;&gt;&lt;p style=&quot;margin: 0px ; margin-left: 4px&quot;&gt;+ load(): void&lt;/p&gt;&lt;p style=&quot;margin: 0px ; margin-left: 4px&quot;&gt;+ canUser(user: User, action:string): bool&lt;/p&gt;&lt;p style=&quot;margin: 0px ; margin-left: 4px&quot;&gt;+ login(username: string,&lt;/p&gt;&lt;p style=&quot;margin: 0px ; margin-left: 4px&quot;&gt;password:string): boolen&lt;/p&gt;&lt;p style=&quot;margin: 0px ; margin-left: 4px&quot;&gt;+ create(username:string, password:string):bool&lt;/p&gt;&lt;p style=&quot;margin: 0px ; margin-left: 4px&quot;&gt;+ remove(user: User): bool&lt;/p&gt;" style="verticalAlign=top;align=left;overflow=fill;fontSize=12;fontFamily=Helvetica;html=1;" vertex="1" parent="1"><mxGeometry x="-1925" y="1310" width="280" height="187" as="geometry"/></mxCell><mxCell id="jCo7z6Fb_ZLnUFFF39sK-3" value="AbstractDataMenager" style="swimlane;fontStyle=1;align=center;verticalAlign=top;childLayout=stackLayout;horizontal=1;startSize=26;horizontalStack=0;resizeParent=1;resizeParentMax=0;resizeLast=0;collapsible=1;marginBottom=0;strokeColor=#000000;" vertex="1" parent="1"><mxGeometry x="-1585" y="1280" width="310" height="112" as="geometry"/></mxCell><mxCell id="jCo7z6Fb_ZLnUFFF39sK-4" value="" style="line;strokeWidth=1;fillColor=none;align=left;verticalAlign=middle;spacingTop=-1;spacingLeft=3;spacingRight=3;rotatable=0;labelPosition=right;points=[];portConstraint=eastwest;" vertex="1" parent="jCo7z6Fb_ZLnUFFF39sK-3"><mxGeometry y="26" width="310" height="8" as="geometry"/></mxCell><mxCell id="jCo7z6Fb_ZLnUFFF39sK-5" value="+ loadUsers(): Vector&lt;User&gt;" style="text;strokeColor=none;fillColor=none;align=left;verticalAlign=top;spacingLeft=4;spacingRight=4;overflow=hidden;rotatable=0;points=[[0,0.5],[1,0.5]];portConstraint=eastwest;" vertex="1" parent="jCo7z6Fb_ZLnUFFF39sK-3"><mxGeometry y="34" width="310" height="26" as="geometry"/></mxCell><mxCell id="jCo7z6Fb_ZLnUFFF39sK-6" value="+ loadAcl: Vector&lt;action:string,roles: Vector&lt;string&gt;&gt;" style="text;strokeColor=none;fillColor=none;align=left;verticalAlign=top;spacingLeft=4;spacingRight=4;overflow=hidden;rotatable=0;points=[[0,0.5],[1,0.5]];portConstraint=eastwest;" vertex="1" parent="jCo7z6Fb_ZLnUFFF39sK-3"><mxGeometry y="60" width="310" height="26" as="geometry"/></mxCell><mxCell id="jCo7z6Fb_ZLnUFFF39sK-7" value="+ save(users: Vector&lt;User&gt;): bool&#10;&#10;" style="text;strokeColor=none;fillColor=none;align=left;verticalAlign=top;spacingLeft=4;spacingRight=4;overflow=hidden;rotatable=0;points=[[0,0.5],[1,0.5]];portConstraint=eastwest;" vertex="1" parent="jCo7z6Fb_ZLnUFFF39sK-3"><mxGeometry y="86" width="310" height="26" as="geometry"/></mxCell><mxCell id="jCo7z6Fb_ZLnUFFF39sK-8" value="LoaclLoader" style="swimlane;fontStyle=1;align=center;verticalAlign=top;childLayout=stackLayout;horizontal=1;startSize=26;horizontalStack=0;resizeParent=1;resizeParentMax=0;resizeLast=0;collapsible=1;marginBottom=0;strokeColor=#000000;" vertex="1" parent="1"><mxGeometry x="-1204" y="1449" width="160" height="60" as="geometry"/></mxCell><mxCell id="jCo7z6Fb_ZLnUFFF39sK-9" value="- fileName: string" style="text;strokeColor=none;fillColor=none;align=left;verticalAlign=top;spacingLeft=4;spacingRight=4;overflow=hidden;rotatable=0;points=[[0,0.5],[1,0.5]];portConstraint=eastwest;" vertex="1" parent="jCo7z6Fb_ZLnUFFF39sK-8"><mxGeometry y="26" width="160" height="26" as="geometry"/></mxCell><mxCell id="jCo7z6Fb_ZLnUFFF39sK-10" value="" style="line;strokeWidth=1;fillColor=none;align=left;verticalAlign=middle;spacingTop=-1;spacingLeft=3;spacingRight=3;rotatable=0;labelPosition=right;points=[];portConstraint=eastwest;" vertex="1" parent="jCo7z6Fb_ZLnUFFF39sK-8"><mxGeometry y="52" width="160" height="8" as="geometry"/></mxCell><mxCell id="jCo7z6Fb_ZLnUFFF39sK-11" value="Extends" style="endArrow=block;endSize=16;endFill=0;html=1;entryX=1;entryY=0.5;exitX=0;exitY=0.25;" edge="1" parent="1" source="jCo7z6Fb_ZLnUFFF39sK-8" target="jCo7z6Fb_ZLnUFFF39sK-7"><mxGeometry x="-0.2" y="10" width="160" relative="1" as="geometry"><mxPoint x="-1355" y="1343" as="sourcePoint"/><mxPoint x="-1435" y="1343.5" as="targetPoint"/><mxPoint as="offset"/></mxGeometry></mxCell><mxCell id="jCo7z6Fb_ZLnUFFF39sK-13" value="User&#10;&#10;" style="swimlane;fontStyle=1;align=center;verticalAlign=top;childLayout=stackLayout;horizontal=1;startSize=26;horizontalStack=0;resizeParent=1;resizeParentMax=0;resizeLast=0;collapsible=1;marginBottom=0;strokeColor=#000000;" vertex="1" parent="1"><mxGeometry x="-730" y="1211" width="160" height="138" as="geometry"/></mxCell><mxCell id="jCo7z6Fb_ZLnUFFF39sK-14" value="+ id: int" style="text;strokeColor=none;fillColor=none;align=left;verticalAlign=top;spacingLeft=4;spacingRight=4;overflow=hidden;rotatable=0;points=[[0,0.5],[1,0.5]];portConstraint=eastwest;" vertex="1" parent="jCo7z6Fb_ZLnUFFF39sK-13"><mxGeometry y="26" width="160" height="26" as="geometry"/></mxCell><mxCell id="jCo7z6Fb_ZLnUFFF39sK-15" value="- roles: Vector&lt;string&gt;" style="text;strokeColor=none;fillColor=none;align=left;verticalAlign=top;spacingLeft=4;spacingRight=4;overflow=hidden;rotatable=0;points=[[0,0.5],[1,0.5]];portConstraint=eastwest;" vertex="1" parent="jCo7z6Fb_ZLnUFFF39sK-13"><mxGeometry y="52" width="160" height="26" as="geometry"/></mxCell><mxCell id="jCo7z6Fb_ZLnUFFF39sK-16" value="+ username: string" style="text;strokeColor=none;fillColor=none;align=left;verticalAlign=top;spacingLeft=4;spacingRight=4;overflow=hidden;rotatable=0;points=[[0,0.5],[1,0.5]];portConstraint=eastwest;" vertex="1" parent="jCo7z6Fb_ZLnUFFF39sK-13"><mxGeometry y="78" width="160" height="26" as="geometry"/></mxCell><mxCell id="jCo7z6Fb_ZLnUFFF39sK-17" value="" style="line;strokeWidth=1;fillColor=none;align=left;verticalAlign=middle;spacingTop=-1;spacingLeft=3;spacingRight=3;rotatable=0;labelPosition=right;points=[];portConstraint=eastwest;" vertex="1" parent="jCo7z6Fb_ZLnUFFF39sK-13"><mxGeometry y="104" width="160" height="8" as="geometry"/></mxCell><mxCell id="jCo7z6Fb_ZLnUFFF39sK-18" value="+ hasRole(string): bool" style="text;strokeColor=none;fillColor=none;align=left;verticalAlign=top;spacingLeft=4;spacingRight=4;overflow=hidden;rotatable=0;points=[[0,0.5],[1,0.5]];portConstraint=eastwest;" vertex="1" parent="jCo7z6Fb_ZLnUFFF39sK-13"><mxGeometry y="112" width="160" height="26" as="geometry"/></mxCell><mxCell id="jCo7z6Fb_ZLnUFFF39sK-179" value="StatsticService" style="swimlane;fontStyle=1;align=center;verticalAlign=top;childLayout=stackLayout;horizontal=1;startSize=26;horizontalStack=0;resizeParent=1;resizeParentMax=0;resizeLast=0;collapsible=1;marginBottom=0;" vertex="1" parent="1"><mxGeometry x="-625" y="850" width="160" height="60" as="geometry"/></mxCell><mxCell id="jCo7z6Fb_ZLnUFFF39sK-181" value="" style="line;strokeWidth=1;fillColor=none;align=left;verticalAlign=middle;spacingTop=-1;spacingLeft=3;spacingRight=3;rotatable=0;labelPosition=right;points=[];portConstraint=eastwest;" vertex="1" parent="jCo7z6Fb_ZLnUFFF39sK-179"><mxGeometry y="26" width="160" height="8" as="geometry"/></mxCell><mxCell id="jCo7z6Fb_ZLnUFFF39sK-182" value="+ getStatic(Type): File" style="text;strokeColor=none;fillColor=none;align=left;verticalAlign=top;spacingLeft=4;spacingRight=4;overflow=hidden;rotatable=0;points=[[0,0.5],[1,0.5]];portConstraint=eastwest;" vertex="1" parent="jCo7z6Fb_ZLnUFFF39sK-179"><mxGeometry y="34" width="160" height="26" as="geometry"/></mxCell><mxCell id="jCo7z6Fb_ZLnUFFF39sK-183" value="StatiscticProccesor" style="swimlane;fontStyle=1;align=center;verticalAlign=top;childLayout=stackLayout;horizontal=1;startSize=26;horizontalStack=0;resizeParent=1;resizeParentMax=0;resizeLast=0;collapsible=1;marginBottom=0;" vertex="1" parent="1"><mxGeometry x="-325" y="810" width="200" height="106" as="geometry"/></mxCell><mxCell id="jCo7z6Fb_ZLnUFFF39sK-184" value="+ type: StatiscticType" style="text;strokeColor=none;fillColor=none;align=left;verticalAlign=top;spacingLeft=4;spacingRight=4;overflow=hidden;rotatable=0;points=[[0,0.5],[1,0.5]];portConstraint=eastwest;" vertex="1" parent="jCo7z6Fb_ZLnUFFF39sK-183"><mxGeometry y="26" width="200" height="26" as="geometry"/></mxCell><mxCell id="jCo7z6Fb_ZLnUFFF39sK-202" value="- file: File" style="text;strokeColor=none;fillColor=none;align=left;verticalAlign=top;spacingLeft=4;spacingRight=4;overflow=hidden;rotatable=0;points=[[0,0.5],[1,0.5]];portConstraint=eastwest;" vertex="1" parent="jCo7z6Fb_ZLnUFFF39sK-183"><mxGeometry y="52" width="200" height="26" as="geometry"/></mxCell><mxCell id="jCo7z6Fb_ZLnUFFF39sK-185" value="" style="line;strokeWidth=1;fillColor=none;align=left;verticalAlign=middle;spacingTop=-1;spacingLeft=3;spacingRight=3;rotatable=0;labelPosition=right;points=[];portConstraint=eastwest;" vertex="1" parent="jCo7z6Fb_ZLnUFFF39sK-183"><mxGeometry y="78" width="200" height="8" as="geometry"/></mxCell><mxCell id="jCo7z6Fb_ZLnUFFF39sK-186" value="+ getStatitic(): File" style="text;strokeColor=none;fillColor=none;align=left;verticalAlign=top;spacingLeft=4;spacingRight=4;overflow=hidden;rotatable=0;points=[[0,0.5],[1,0.5]];portConstraint=eastwest;" vertex="1" parent="jCo7z6Fb_ZLnUFFF39sK-183"><mxGeometry y="86" width="200" height="20" as="geometry"/></mxCell><mxCell id="jCo7z6Fb_ZLnUFFF39sK-198" value="MenuItemProcessor" style="swimlane;fontStyle=1;align=center;verticalAlign=top;childLayout=stackLayout;horizontal=1;startSize=26;horizontalStack=0;resizeParent=1;resizeParentMax=0;resizeLast=0;collapsible=1;marginBottom=0;" vertex="1" parent="1"><mxGeometry x="-35" y="974" width="230" height="112" as="geometry"/></mxCell><mxCell id="jCo7z6Fb_ZLnUFFF39sK-199" value="+ menuItems: Vector&lt;MenuItem&gt;" style="text;strokeColor=none;fillColor=none;align=left;verticalAlign=top;spacingLeft=4;spacingRight=4;overflow=hidden;rotatable=0;points=[[0,0.5],[1,0.5]];portConstraint=eastwest;" vertex="1" parent="jCo7z6Fb_ZLnUFFF39sK-198"><mxGeometry y="26" width="230" height="26" as="geometry"/></mxCell><mxCell id="jCo7z6Fb_ZLnUFFF39sK-200" value="" style="line;strokeWidth=1;fillColor=none;align=left;verticalAlign=middle;spacingTop=-1;spacingLeft=3;spacingRight=3;rotatable=0;labelPosition=right;points=[];portConstraint=eastwest;" vertex="1" parent="jCo7z6Fb_ZLnUFFF39sK-198"><mxGeometry y="52" width="230" height="8" as="geometry"/></mxCell><mxCell id="jCo7z6Fb_ZLnUFFF39sK-201" value="+ getMostWasnted(): MenuItem" style="text;strokeColor=none;fillColor=none;align=left;verticalAlign=top;spacingLeft=4;spacingRight=4;overflow=hidden;rotatable=0;points=[[0,0.5],[1,0.5]];portConstraint=eastwest;" vertex="1" parent="jCo7z6Fb_ZLnUFFF39sK-198"><mxGeometry y="60" width="230" height="26" as="geometry"/></mxCell><mxCell id="jCo7z6Fb_ZLnUFFF39sK-204" value="+ getAllWithQuanity(): Vector&lt;MenuItem&gt;" style="text;strokeColor=none;fillColor=none;align=left;verticalAlign=top;spacingLeft=4;spacingRight=4;overflow=hidden;rotatable=0;points=[[0,0.5],[1,0.5]];portConstraint=eastwest;" vertex="1" parent="jCo7z6Fb_ZLnUFFF39sK-198"><mxGeometry y="86" width="230" height="26" as="geometry"/></mxCell><mxCell id="jCo7z6Fb_ZLnUFFF39sK-203" value="Extends" style="endArrow=block;endSize=16;endFill=0;html=1;entryX=1;entryY=0.5;exitX=0.375;exitY=0.035;exitPerimeter=0;" edge="1" parent="1" source="jCo7z6Fb_ZLnUFFF39sK-198" target="jCo7z6Fb_ZLnUFFF39sK-186"><mxGeometry width="160" relative="1" as="geometry"><mxPoint x="-695" y="1080" as="sourcePoint"/><mxPoint x="-535" y="1080" as="targetPoint"/></mxGeometry></mxCell><mxCell id="jCo7z6Fb_ZLnUFFF39sK-205" value="Use" style="endArrow=open;endSize=12;dashed=1;html=1;entryX=0;entryY=0.5;exitX=1;exitY=0.25;" edge="1" parent="1" source="jCo7z6Fb_ZLnUFFF39sK-179" target="jCo7z6Fb_ZLnUFFF39sK-202"><mxGeometry width="160" relative="1" as="geometry"><mxPoint x="-695" y="1110" as="sourcePoint"/><mxPoint x="-535" y="1110" as="targetPoint"/></mxGeometry></mxCell><mxCell id="jCo7z6Fb_ZLnUFFF39sK-206" value="WaiterProcessor&#10;" style="swimlane;fontStyle=1;align=center;verticalAlign=top;childLayout=stackLayout;horizontal=1;startSize=26;horizontalStack=0;resizeParent=1;resizeParentMax=0;resizeLast=0;collapsible=1;marginBottom=0;" vertex="1" parent="1"><mxGeometry x="-275" y="1013" width="180" height="86" as="geometry"/></mxCell><mxCell id="jCo7z6Fb_ZLnUFFF39sK-207" value="+ bills : Vector&lt;Bill&gt;" style="text;strokeColor=none;fillColor=none;align=left;verticalAlign=top;spacingLeft=4;spacingRight=4;overflow=hidden;rotatable=0;points=[[0,0.5],[1,0.5]];portConstraint=eastwest;" vertex="1" parent="jCo7z6Fb_ZLnUFFF39sK-206"><mxGeometry y="26" width="180" height="26" as="geometry"/></mxCell><mxCell id="jCo7z6Fb_ZLnUFFF39sK-208" value="" style="line;strokeWidth=1;fillColor=none;align=left;verticalAlign=middle;spacingTop=-1;spacingLeft=3;spacingRight=3;rotatable=0;labelPosition=right;points=[];portConstraint=eastwest;" vertex="1" parent="jCo7z6Fb_ZLnUFFF39sK-206"><mxGeometry y="52" width="180" height="8" as="geometry"/></mxCell><mxCell id="jCo7z6Fb_ZLnUFFF39sK-209" value="+ getWaitersWithBills(): User " style="text;strokeColor=none;fillColor=none;align=left;verticalAlign=top;spacingLeft=4;spacingRight=4;overflow=hidden;rotatable=0;points=[[0,0.5],[1,0.5]];portConstraint=eastwest;" vertex="1" parent="jCo7z6Fb_ZLnUFFF39sK-206"><mxGeometry y="60" width="180" height="26" as="geometry"/></mxCell><mxCell id="jCo7z6Fb_ZLnUFFF39sK-210" value="Extends" style="endArrow=block;endSize=16;endFill=0;html=1;exitX=0.413;exitY=-0.023;exitPerimeter=0;entryX=0.52;entryY=1.15;entryPerimeter=0;" edge="1" parent="1" source="jCo7z6Fb_ZLnUFFF39sK-206" target="jCo7z6Fb_ZLnUFFF39sK-186"><mxGeometry width="160" relative="1" as="geometry"><mxPoint x="-575" y="1110" as="sourcePoint"/><mxPoint x="-185" y="960" as="targetPoint"/></mxGeometry></mxCell><mxCell id="jCo7z6Fb_ZLnUFFF39sK-214" value="Use" style="endArrow=open;endSize=12;dashed=1;html=1;exitX=1;exitY=0.25;entryX=-0.003;entryY=0.134;entryPerimeter=0;" edge="1" parent="1" source="jCo7z6Fb_ZLnUFFF39sK-2" target="jCo7z6Fb_ZLnUFFF39sK-3"><mxGeometry width="160" relative="1" as="geometry"><mxPoint x="-1715" y="1340" as="sourcePoint"/><mxPoint x="-1555" y="1340" as="targetPoint"/></mxGeometry></mxCell><mxCell id="jCo7z6Fb_ZLnUFFF39sK-215" value="Use" style="endArrow=open;endSize=12;dashed=1;html=1;entryX=-0.006;entryY=0.109;entryPerimeter=0;exitX=0.75;exitY=0;" edge="1" parent="1" source="jCo7z6Fb_ZLnUFFF39sK-3" target="jCo7z6Fb_ZLnUFFF39sK-13"><mxGeometry width="160" relative="1" as="geometry"><mxPoint x="-1895" y="1830" as="sourcePoint"/><mxPoint x="-1735" y="1830" as="targetPoint"/></mxGeometry></mxCell><mxCell id="jCo7z6Fb_ZLnUFFF39sK-216" value="HallProcessor" style="swimlane;fontStyle=1;align=center;verticalAlign=top;childLayout=stackLayout;horizontal=1;startSize=26;horizontalStack=0;resizeParent=1;resizeParentMax=0;resizeLast=0;collapsible=1;marginBottom=0;" vertex="1" parent="1"><mxGeometry x="-525" y="1004" width="190" height="86" as="geometry"/></mxCell><mxCell id="jCo7z6Fb_ZLnUFFF39sK-217" value="+ bills : Vector&lt;Bill&gt;" style="text;strokeColor=none;fillColor=none;align=left;verticalAlign=top;spacingLeft=4;spacingRight=4;overflow=hidden;rotatable=0;points=[[0,0.5],[1,0.5]];portConstraint=eastwest;" vertex="1" parent="jCo7z6Fb_ZLnUFFF39sK-216"><mxGeometry y="26" width="190" height="26" as="geometry"/></mxCell><mxCell id="jCo7z6Fb_ZLnUFFF39sK-218" value="" style="line;strokeWidth=1;fillColor=none;align=left;verticalAlign=middle;spacingTop=-1;spacingLeft=3;spacingRight=3;rotatable=0;labelPosition=right;points=[];portConstraint=eastwest;" vertex="1" parent="jCo7z6Fb_ZLnUFFF39sK-216"><mxGeometry y="52" width="190" height="8" as="geometry"/></mxCell><mxCell id="jCo7z6Fb_ZLnUFFF39sK-219" value="+ getMostWontedTable(): Table" style="text;strokeColor=none;fillColor=none;align=left;verticalAlign=top;spacingLeft=4;spacingRight=4;overflow=hidden;rotatable=0;points=[[0,0.5],[1,0.5]];portConstraint=eastwest;" vertex="1" parent="jCo7z6Fb_ZLnUFFF39sK-216"><mxGeometry y="60" width="190" height="26" as="geometry"/></mxCell><mxCell id="jCo7z6Fb_ZLnUFFF39sK-220" value="Extends" style="endArrow=block;endSize=16;endFill=0;html=1;entryX=0;entryY=0.5;exitX=0.5;exitY=0;" edge="1" parent="1" source="jCo7z6Fb_ZLnUFFF39sK-216" target="jCo7z6Fb_ZLnUFFF39sK-186"><mxGeometry width="160" relative="1" as="geometry"><mxPoint x="-675" y="1110" as="sourcePoint"/><mxPoint x="-515" y="1110" as="targetPoint"/></mxGeometry></mxCell><mxCell id="jCo7z6Fb_ZLnUFFF39sK-221" value="&lt;p style=&quot;margin: 0px ; margin-top: 4px ; text-align: center&quot;&gt;&lt;i&gt;&amp;lt;&amp;lt;Interface&amp;gt;&amp;gt;&lt;/i&gt;&lt;/p&gt;&lt;p style=&quot;margin: 0px ; margin-top: 4px ; text-align: center&quot;&gt;&lt;b&gt;Bill&lt;/b&gt;&lt;br&gt;&lt;b&gt;&lt;/b&gt;&lt;/p&gt;&lt;hr size=&quot;1&quot;&gt;&lt;p style=&quot;margin: 0px ; margin-left: 4px&quot;&gt;+ addMenuItem(MenuItem): boolean&lt;/p&gt;&lt;p style=&quot;margin: 0px ; margin-left: 4px&quot;&gt;+ removeMenuItem(MenuItem): MenuItem&lt;/p&gt;&lt;p style=&quot;margin: 0px ; margin-left: 4px&quot;&gt;+ getMenuItems(): List&amp;lt;MenuItem&amp;gt;&lt;br&gt;&lt;/p&gt;&lt;p style=&quot;margin: 0px ; margin-left: 4px&quot;&gt;+ getCurrentAmount(): double&lt;/p&gt;&lt;p style=&quot;margin: 0px ; margin-left: 4px&quot;&gt;+ addDiscount(String): boolean&lt;/p&gt;&lt;p style=&quot;margin: 0px ; margin-left: 4px&quot;&gt;+ removeDiscount(String): String&lt;/p&gt;&lt;p style=&quot;margin: 0px ; margin-left: 4px&quot;&gt;+ getDiscounts() List&amp;lt;String&amp;gt;&lt;br&gt;&lt;/p&gt;&lt;p style=&quot;margin: 0px ; margin-left: 4px&quot;&gt;+ setBillType(BillType): void&lt;br&gt;&lt;/p&gt;&lt;p style=&quot;margin: 0px ; margin-left: 4px&quot;&gt;+ createBillPrintFile(): byte&lt;/p&gt;&lt;p style=&quot;margin: 0px ; margin-left: 4px&quot;&gt;+ closeBill(): boolean&lt;br&gt;&lt;/p&gt;&lt;p style=&quot;margin: 0px ; margin-left: 4px&quot;&gt;&lt;br&gt;&lt;/p&gt;&lt;p style=&quot;margin: 0px ; margin-left: 4px&quot;&gt;&lt;br&gt;&lt;/p&gt;" style="verticalAlign=top;align=left;overflow=fill;fontSize=12;fontFamily=Helvetica;html=1;shadow=0;fillColor=#ffffff;strokeColor=#000000;" vertex="1" parent="1"><mxGeometry x="-1040" y="232" width="280" height="200" as="geometry"/></mxCell><mxCell id="jCo7z6Fb_ZLnUFFF39sK-222" value="&lt;p style=&quot;margin: 0px ; margin-top: 4px ; text-align: center&quot;&gt;&lt;i&gt;&amp;lt;&amp;lt;Interface&amp;gt;&amp;gt;&lt;/i&gt;&lt;br&gt;&lt;b&gt;Meal&lt;/b&gt;&lt;/p&gt;&lt;hr size=&quot;1&quot;&gt;&lt;p style=&quot;margin: 0px ; margin-left: 4px&quot;&gt;+ field1: Type&lt;br&gt;&lt;/p&gt;&lt;hr size=&quot;1&quot;&gt;&lt;p style=&quot;margin: 0px ; margin-left: 4px&quot;&gt;+ getNettoPrice(): double&lt;/p&gt;&lt;p style=&quot;margin: 0px ; margin-left: 4px&quot;&gt;+ getTaxRate(): double&lt;/p&gt;&lt;p style=&quot;margin: 0px ; margin-left: 4px&quot;&gt;+ getBruttoPrice() double&lt;br&gt;&lt;/p&gt;" style="verticalAlign=top;align=left;overflow=fill;fontSize=12;fontFamily=Helvetica;html=1;shadow=0;" vertex="1" parent="1"><mxGeometry x="-570" y="352" width="190" height="140" as="geometry"/></mxCell><mxCell id="jCo7z6Fb_ZLnUFFF39sK-223" value="&lt;div&gt;&lt;br&gt;&lt;/div&gt;&lt;div&gt;&amp;lt;&amp;lt;enumeration&amp;gt;&amp;gt;&lt;/div&gt;&lt;div&gt;&lt;b&gt;BillType&lt;/b&gt;&lt;br&gt;&lt;/div&gt;&lt;div&gt;&lt;br&gt;&lt;/div&gt;" style="swimlane;fontStyle=0;childLayout=stackLayout;horizontal=1;startSize=38;fillColor=none;horizontalStack=0;resizeParent=1;resizeParentMax=0;resizeLast=0;collapsible=1;marginBottom=0;shadow=0;html=1;" vertex="1" parent="1"><mxGeometry x="-570" y="232" width="140" height="86" as="geometry"/></mxCell><mxCell id="jCo7z6Fb_ZLnUFFF39sK-224" value="BILL" style="text;strokeColor=none;fillColor=none;align=left;verticalAlign=top;spacingLeft=4;spacingRight=4;overflow=hidden;rotatable=0;points=[[0,0.5],[1,0.5]];portConstraint=eastwest;" vertex="1" parent="jCo7z6Fb_ZLnUFFF39sK-223"><mxGeometry y="38" width="140" height="22" as="geometry"/></mxCell><mxCell id="jCo7z6Fb_ZLnUFFF39sK-225" value="INVOICE" style="text;strokeColor=none;fillColor=none;align=left;verticalAlign=top;spacingLeft=4;spacingRight=4;overflow=hidden;rotatable=0;points=[[0,0.5],[1,0.5]];portConstraint=eastwest;" vertex="1" parent="jCo7z6Fb_ZLnUFFF39sK-223"><mxGeometry y="60" width="140" height="26" as="geometry"/></mxCell><mxCell id="jCo7z6Fb_ZLnUFFF39sK-226" value="&lt;p style=&quot;margin: 0px ; margin-top: 4px ; text-align: center&quot;&gt;&lt;i&gt;&amp;lt;&amp;lt;Interface&amp;gt;&amp;gt;&lt;/i&gt;&lt;/p&gt;&lt;p style=&quot;margin: 0px ; margin-top: 4px ; text-align: center&quot;&gt;&lt;b&gt;StatisticService&lt;/b&gt;&lt;br&gt;&lt;/p&gt;&lt;hr size=&quot;1&quot;&gt;&lt;p style=&quot;margin: 0px ; margin-left: 4px&quot;&gt;+ addEvent(Bill) boolean&lt;/p&gt;" style="verticalAlign=top;align=left;overflow=fill;fontSize=12;fontFamily=Helvetica;html=1;" vertex="1" parent="1"><mxGeometry x="-830" y="550" width="190" height="140" as="geometry"/></mxCell><mxCell id="jCo7z6Fb_ZLnUFFF39sK-227" value="BufferedStatisticService" style="swimlane;fontStyle=1;align=center;verticalAlign=top;childLayout=stackLayout;horizontal=1;startSize=26;horizontalStack=0;resizeParent=1;resizeParentMax=0;resizeLast=0;collapsible=1;marginBottom=0;" vertex="1" parent="1"><mxGeometry x="-530" y="543" width="310" height="160" as="geometry"/></mxCell><mxCell id="jCo7z6Fb_ZLnUFFF39sK-228" value="+ DEFAULT_BUFF_SIZE = 10" style="text;strokeColor=none;fillColor=none;align=left;verticalAlign=top;spacingLeft=4;spacingRight=4;overflow=hidden;rotatable=0;points=[[0,0.5],[1,0.5]];portConstraint=eastwest;fontStyle=4" vertex="1" parent="jCo7z6Fb_ZLnUFFF39sK-227"><mxGeometry y="26" width="310" height="26" as="geometry"/></mxCell><mxCell id="jCo7z6Fb_ZLnUFFF39sK-229" value="" style="line;strokeWidth=1;fillColor=none;align=left;verticalAlign=middle;spacingTop=-1;spacingLeft=3;spacingRight=3;rotatable=0;labelPosition=right;points=[];portConstraint=eastwest;" vertex="1" parent="jCo7z6Fb_ZLnUFFF39sK-227"><mxGeometry y="52" width="310" height="8" as="geometry"/></mxCell><mxCell id="jCo7z6Fb_ZLnUFFF39sK-230" value="+ addEvent(Bill): boolean&#10;+ flush(): void&#10;+ close() void&#10;+ setFilePath(String): void&#10;+ setBuffSize(int): void&#10;+ getEvents(): List&lt;String&gt;&#10;" style="text;strokeColor=none;fillColor=none;align=left;verticalAlign=top;spacingLeft=4;spacingRight=4;overflow=hidden;rotatable=0;points=[[0,0.5],[1,0.5]];portConstraint=eastwest;" vertex="1" parent="jCo7z6Fb_ZLnUFFF39sK-227"><mxGeometry y="60" width="310" height="100" as="geometry"/></mxCell><mxCell id="jCo7z6Fb_ZLnUFFF39sK-231" value="" style="endArrow=block;dashed=1;endFill=0;endSize=12;html=1;exitX=-0.011;exitY=0.246;exitPerimeter=0;" edge="1" parent="1" source="jCo7z6Fb_ZLnUFFF39sK-230" target="jCo7z6Fb_ZLnUFFF39sK-226"><mxGeometry width="160" relative="1" as="geometry"><mxPoint x="-673" y="625" as="sourcePoint"/><mxPoint x="-880" y="632" as="targetPoint"/></mxGeometry></mxCell><mxCell id="jCo7z6Fb_ZLnUFFF39sK-232" value="Use" style="endArrow=open;endSize=12;dashed=1;html=1;exitX=0.007;exitY=0.349;entryX=1;entryY=0.25;exitPerimeter=0;" edge="1" parent="1" source="jCo7z6Fb_ZLnUFFF39sK-223" target="jCo7z6Fb_ZLnUFFF39sK-221"><mxGeometry width="160" relative="1" as="geometry"><mxPoint x="-880" y="692" as="sourcePoint"/><mxPoint x="-1040" y="692" as="targetPoint"/></mxGeometry></mxCell><mxCell id="jCo7z6Fb_ZLnUFFF39sK-233" value="Use" style="endArrow=open;endSize=12;dashed=1;html=1;exitX=0;exitY=0.3;exitPerimeter=0;entryX=1;entryY=0.69;entryPerimeter=0;" edge="1" parent="1" source="jCo7z6Fb_ZLnUFFF39sK-222" target="jCo7z6Fb_ZLnUFFF39sK-221"><mxGeometry width="160" relative="1" as="geometry"><mxPoint x="-880" y="692" as="sourcePoint"/><mxPoint x="-1040" y="692" as="targetPoint"/></mxGeometry></mxCell><mxCell id="jCo7z6Fb_ZLnUFFF39sK-234" value="Use" style="endArrow=open;endSize=12;dashed=1;html=1;exitX=0.396;exitY=1.01;exitPerimeter=0;entryX=0.5;entryY=0;" edge="1" parent="1" source="jCo7z6Fb_ZLnUFFF39sK-221" target="jCo7z6Fb_ZLnUFFF39sK-226"><mxGeometry width="160" relative="1" as="geometry"><mxPoint x="-920" y="452" as="sourcePoint"/><mxPoint x="-940" y="522" as="targetPoint"/></mxGeometry></mxCell><mxCell id="jCo7z6Fb_ZLnUFFF39sK-235" value="&lt;p style=&quot;margin: 0px ; margin-top: 4px ; text-align: center&quot;&gt;&lt;b&gt;ReportService&lt;/b&gt;&lt;/p&gt;&lt;hr size=&quot;1&quot;&gt;&lt;p style=&quot;margin: 0px ; margin-left: 4px&quot;&gt;+ createFinancialReport(ReportType, from: Date, to : Date): byte&lt;/p&gt;&lt;p style=&quot;margin: 0px ; margin-left: 4px&quot;&gt;+ setSourceFolder(String): void&lt;br&gt;&lt;/p&gt;" style="verticalAlign=top;align=left;overflow=fill;fontSize=12;fontFamily=Helvetica;html=1;" vertex="1" parent="1"><mxGeometry x="-320" y="232" width="360" height="90" as="geometry"/></mxCell><mxCell id="jCo7z6Fb_ZLnUFFF39sK-236" value="&lt;div&gt;&lt;br&gt;&lt;/div&gt;&lt;div&gt;&amp;lt;&amp;lt;enumeration&amp;gt;&amp;gt;&lt;/div&gt;&lt;div&gt;&lt;b&gt;ReportType&lt;/b&gt;&lt;br&gt;&lt;/div&gt;&lt;div&gt;&lt;br&gt;&lt;/div&gt;" style="swimlane;fontStyle=0;childLayout=stackLayout;horizontal=1;startSize=38;fillColor=none;horizontalStack=0;resizeParent=1;resizeParentMax=0;resizeLast=0;collapsible=1;marginBottom=0;shadow=0;html=1;" vertex="1" parent="1"><mxGeometry x="-320" y="382" width="140" height="110" as="geometry"/></mxCell><mxCell id="jCo7z6Fb_ZLnUFFF39sK-237" value="COST" style="text;strokeColor=none;fillColor=none;align=left;verticalAlign=top;spacingLeft=4;spacingRight=4;overflow=hidden;rotatable=0;points=[[0,0.5],[1,0.5]];portConstraint=eastwest;" vertex="1" parent="jCo7z6Fb_ZLnUFFF39sK-236"><mxGeometry y="38" width="140" height="22" as="geometry"/></mxCell><mxCell id="jCo7z6Fb_ZLnUFFF39sK-238" value="INCOME&#10;BALANCE&#10;" style="text;strokeColor=none;fillColor=none;align=left;verticalAlign=top;spacingLeft=4;spacingRight=4;overflow=hidden;rotatable=0;points=[[0,0.5],[1,0.5]];portConstraint=eastwest;" vertex="1" parent="jCo7z6Fb_ZLnUFFF39sK-236"><mxGeometry y="60" width="140" height="50" as="geometry"/></mxCell><mxCell id="jCo7z6Fb_ZLnUFFF39sK-239" value="Use" style="endArrow=open;endSize=12;dashed=1;html=1;" edge="1" parent="1" source="jCo7z6Fb_ZLnUFFF39sK-236" target="jCo7z6Fb_ZLnUFFF39sK-235"><mxGeometry width="160" relative="1" as="geometry"><mxPoint x="-770" y="722" as="sourcePoint"/><mxPoint x="-610" y="722" as="targetPoint"/></mxGeometry></mxCell><mxCell id="jCo7z6Fb_ZLnUFFF39sK-240" value="Hall" style="swimlane;fontStyle=1;childLayout=stackLayout;horizontal=1;startSize=26;fillColor=none;horizontalStack=0;resizeParent=1;resizeParentMax=0;resizeLast=0;collapsible=1;marginBottom=0;swimlaneFillColor=#ffffff;" vertex="1" parent="1"><mxGeometry x="-1710" y="767" width="240" height="164" as="geometry"/></mxCell><mxCell id="jCo7z6Fb_ZLnUFFF39sK-241" value="# tablesList" style="text;strokeColor=none;fillColor=none;align=left;verticalAlign=top;spacingLeft=4;spacingRight=4;overflow=hidden;rotatable=0;points=[[0,0.5],[1,0.5]];portConstraint=eastwest;" vertex="1" parent="jCo7z6Fb_ZLnUFFF39sK-240"><mxGeometry y="26" width="240" height="26" as="geometry"/></mxCell><mxCell id="jCo7z6Fb_ZLnUFFF39sK-242" value="# reservationList: ReservationList" style="text;strokeColor=none;fillColor=none;align=left;verticalAlign=top;spacingLeft=4;spacingRight=4;overflow=hidden;rotatable=0;points=[[0,0.5],[1,0.5]];portConstraint=eastwest;" vertex="1" parent="jCo7z6Fb_ZLnUFFF39sK-240"><mxGeometry y="52" width="240" height="26" as="geometry"/></mxCell><mxCell id="jCo7z6Fb_ZLnUFFF39sK-243" value="" style="line;strokeWidth=1;fillColor=none;align=left;verticalAlign=middle;spacingTop=-1;spacingLeft=3;spacingRight=3;rotatable=0;labelPosition=right;points=[];portConstraint=eastwest;" vertex="1" parent="jCo7z6Fb_ZLnUFFF39sK-240"><mxGeometry y="78" width="240" height="8" as="geometry"/></mxCell><mxCell id="jCo7z6Fb_ZLnUFFF39sK-244" value="+ getTablesList()" style="text;strokeColor=none;fillColor=none;align=left;verticalAlign=bottom;spacingLeft=4;spacingRight=4;overflow=hidden;rotatable=0;points=[[0,0.5],[1,0.5]];portConstraint=eastwest;" vertex="1" parent="jCo7z6Fb_ZLnUFFF39sK-240"><mxGeometry y="86" width="240" height="26" as="geometry"/></mxCell><mxCell id="jCo7z6Fb_ZLnUFFF39sK-245" value="+ addTable(Table)&#10;" style="text;strokeColor=none;fillColor=none;align=left;verticalAlign=top;spacingLeft=4;spacingRight=4;overflow=hidden;rotatable=0;points=[[0,0.5],[1,0.5]];portConstraint=eastwest;" vertex="1" parent="jCo7z6Fb_ZLnUFFF39sK-240"><mxGeometry y="112" width="240" height="26" as="geometry"/></mxCell><mxCell id="jCo7z6Fb_ZLnUFFF39sK-246" value="+ deleteTable(Table)&#10;" style="text;strokeColor=none;fillColor=none;align=left;verticalAlign=top;spacingLeft=4;spacingRight=4;overflow=hidden;rotatable=0;points=[[0,0.5],[1,0.5]];portConstraint=eastwest;" vertex="1" parent="jCo7z6Fb_ZLnUFFF39sK-240"><mxGeometry y="138" width="240" height="26" as="geometry"/></mxCell><mxCell id="jCo7z6Fb_ZLnUFFF39sK-247" value="Table" style="swimlane;fontStyle=1;align=center;verticalAlign=top;childLayout=stackLayout;horizontal=1;startSize=26;horizontalStack=0;resizeParent=1;resizeParentMax=0;resizeLast=0;collapsible=1;marginBottom=0;swimlaneFillColor=#ffffff;" vertex="1" parent="1"><mxGeometry x="-1384" y="767" width="180" height="112" as="geometry"/></mxCell><mxCell id="jCo7z6Fb_ZLnUFFF39sK-248" value="# numberOfSeats: int" style="text;strokeColor=none;fillColor=none;align=left;verticalAlign=top;spacingLeft=4;spacingRight=4;overflow=hidden;rotatable=0;points=[[0,0.5],[1,0.5]];portConstraint=eastwest;" vertex="1" parent="jCo7z6Fb_ZLnUFFF39sK-247"><mxGeometry y="26" width="180" height="26" as="geometry"/></mxCell><mxCell id="jCo7z6Fb_ZLnUFFF39sK-249" value="" style="line;strokeWidth=1;fillColor=none;align=left;verticalAlign=middle;spacingTop=-1;spacingLeft=3;spacingRight=3;rotatable=0;labelPosition=right;points=[];portConstraint=eastwest;" vertex="1" parent="jCo7z6Fb_ZLnUFFF39sK-247"><mxGeometry y="52" width="180" height="8" as="geometry"/></mxCell><mxCell id="jCo7z6Fb_ZLnUFFF39sK-250" value="+ getNumberOfSeats(): int" style="text;strokeColor=none;fillColor=none;align=left;verticalAlign=top;spacingLeft=4;spacingRight=4;overflow=hidden;rotatable=0;points=[[0,0.5],[1,0.5]];portConstraint=eastwest;" vertex="1" parent="jCo7z6Fb_ZLnUFFF39sK-247"><mxGeometry y="60" width="180" height="26" as="geometry"/></mxCell><mxCell id="jCo7z6Fb_ZLnUFFF39sK-251" value="+ setNumberOfSeats(int)" style="text;strokeColor=none;fillColor=none;align=left;verticalAlign=top;spacingLeft=4;spacingRight=4;overflow=hidden;rotatable=0;points=[[0,0.5],[1,0.5]];portConstraint=eastwest;" vertex="1" parent="jCo7z6Fb_ZLnUFFF39sK-247"><mxGeometry y="86" width="180" height="26" as="geometry"/></mxCell><mxCell id="jCo7z6Fb_ZLnUFFF39sK-252" value="Use" style="endArrow=open;endSize=12;dashed=1;html=1;exitX=0;exitY=1.115;entryX=1.004;entryY=0.115;entryPerimeter=0;exitPerimeter=0;" edge="1" parent="1" source="jCo7z6Fb_ZLnUFFF39sK-248" target="jCo7z6Fb_ZLnUFFF39sK-242"><mxGeometry width="160" relative="1" as="geometry"><mxPoint x="-920" y="992" as="sourcePoint"/><mxPoint x="-1010" y="802" as="targetPoint"/></mxGeometry></mxCell><mxCell id="jCo7z6Fb_ZLnUFFF39sK-253" value="Use" style="endArrow=open;endSize=12;dashed=1;html=1;" edge="1" parent="1" source="jCo7z6Fb_ZLnUFFF39sK-254" target="jCo7z6Fb_ZLnUFFF39sK-266"><mxGeometry width="160" relative="1" as="geometry"><mxPoint x="-472" y="940" as="sourcePoint"/><mxPoint x="-880" y="1222" as="targetPoint"/></mxGeometry></mxCell><mxCell id="jCo7z6Fb_ZLnUFFF39sK-254" value="ReservationData" style="swimlane;fontStyle=1;align=center;verticalAlign=top;childLayout=stackLayout;horizontal=1;startSize=26;horizontalStack=0;resizeParent=1;resizeParentMax=0;resizeLast=0;collapsible=1;marginBottom=0;swimlaneFillColor=#ffffff;" vertex="1" parent="1"><mxGeometry x="-960" y="1302" width="160" height="288" as="geometry"/></mxCell><mxCell id="jCo7z6Fb_ZLnUFFF39sK-255" value="- day: int&#10;&#10;- month: int&#10;&#10;- year: int&#10;&#10;- hour: float&#10;&#10;- firstName: string&#10;&#10;- lastName: string&#10;&#10;- numerOfPeople: int&#10;" style="text;strokeColor=none;fillColor=none;align=left;verticalAlign=top;spacingLeft=4;spacingRight=4;overflow=hidden;rotatable=0;points=[[0,0.5],[1,0.5]];portConstraint=eastwest;" vertex="1" parent="jCo7z6Fb_ZLnUFFF39sK-254"><mxGeometry y="26" width="160" height="194" as="geometry"/></mxCell><mxCell id="jCo7z6Fb_ZLnUFFF39sK-256" value="" style="line;strokeWidth=1;fillColor=none;align=left;verticalAlign=middle;spacingTop=-1;spacingLeft=3;spacingRight=3;rotatable=0;labelPosition=right;points=[];portConstraint=eastwest;" vertex="1" parent="jCo7z6Fb_ZLnUFFF39sK-254"><mxGeometry y="220" width="160" height="8" as="geometry"/></mxCell><mxCell id="jCo7z6Fb_ZLnUFFF39sK-257" value="+ getField()&#10;" style="text;strokeColor=none;fillColor=none;align=left;verticalAlign=top;spacingLeft=4;spacingRight=4;overflow=hidden;rotatable=0;points=[[0,0.5],[1,0.5]];portConstraint=eastwest;" vertex="1" parent="jCo7z6Fb_ZLnUFFF39sK-254"><mxGeometry y="228" width="160" height="30" as="geometry"/></mxCell><mxCell id="jCo7z6Fb_ZLnUFFF39sK-258" value="+ setField()&#10;" style="text;strokeColor=none;fillColor=none;align=left;verticalAlign=top;spacingLeft=4;spacingRight=4;overflow=hidden;rotatable=0;points=[[0,0.5],[1,0.5]];portConstraint=eastwest;" vertex="1" parent="jCo7z6Fb_ZLnUFFF39sK-254"><mxGeometry y="258" width="160" height="30" as="geometry"/></mxCell><mxCell id="jCo7z6Fb_ZLnUFFF39sK-259" value="Reservation" style="swimlane;fontStyle=1;align=center;verticalAlign=top;childLayout=stackLayout;horizontal=1;startSize=26;horizontalStack=0;resizeParent=1;resizeParentMax=0;resizeLast=0;collapsible=1;marginBottom=0;swimlaneFillColor=#ffffff;" vertex="1" parent="1"><mxGeometry x="-990" y="1021" width="220" height="190" as="geometry"/></mxCell><mxCell id="jCo7z6Fb_ZLnUFFF39sK-260" value="# reservationData: ReservationData" style="text;strokeColor=none;fillColor=none;align=left;verticalAlign=top;spacingLeft=4;spacingRight=4;overflow=hidden;rotatable=0;points=[[0,0.5],[1,0.5]];portConstraint=eastwest;" vertex="1" parent="jCo7z6Fb_ZLnUFFF39sK-259"><mxGeometry y="26" width="220" height="26" as="geometry"/></mxCell><mxCell id="jCo7z6Fb_ZLnUFFF39sK-261" value="# bill: Bill" style="text;strokeColor=none;fillColor=none;align=left;verticalAlign=top;spacingLeft=4;spacingRight=4;overflow=hidden;rotatable=0;points=[[0,0.5],[1,0.5]];portConstraint=eastwest;" vertex="1" parent="jCo7z6Fb_ZLnUFFF39sK-259"><mxGeometry y="52" width="220" height="26" as="geometry"/></mxCell><mxCell id="jCo7z6Fb_ZLnUFFF39sK-262" value="" style="line;strokeWidth=1;fillColor=none;align=left;verticalAlign=middle;spacingTop=-1;spacingLeft=3;spacingRight=3;rotatable=0;labelPosition=right;points=[];portConstraint=eastwest;" vertex="1" parent="jCo7z6Fb_ZLnUFFF39sK-259"><mxGeometry y="78" width="220" height="8" as="geometry"/></mxCell><mxCell id="jCo7z6Fb_ZLnUFFF39sK-263" value="+ getData(): ReservationData" style="text;strokeColor=none;fillColor=none;align=left;verticalAlign=top;spacingLeft=4;spacingRight=4;overflow=hidden;rotatable=0;points=[[0,0.5],[1,0.5]];portConstraint=eastwest;" vertex="1" parent="jCo7z6Fb_ZLnUFFF39sK-259"><mxGeometry y="86" width="220" height="26" as="geometry"/></mxCell><mxCell id="jCo7z6Fb_ZLnUFFF39sK-264" value="+ setData(ReservationData)" style="text;strokeColor=none;fillColor=none;align=left;verticalAlign=top;spacingLeft=4;spacingRight=4;overflow=hidden;rotatable=0;points=[[0,0.5],[1,0.5]];portConstraint=eastwest;" vertex="1" parent="jCo7z6Fb_ZLnUFFF39sK-259"><mxGeometry y="112" width="220" height="26" as="geometry"/></mxCell><mxCell id="jCo7z6Fb_ZLnUFFF39sK-265" value="+ setOrder(Order)" style="text;strokeColor=none;fillColor=none;align=left;verticalAlign=top;spacingLeft=4;spacingRight=4;overflow=hidden;rotatable=0;points=[[0,0.5],[1,0.5]];portConstraint=eastwest;" vertex="1" parent="jCo7z6Fb_ZLnUFFF39sK-259"><mxGeometry y="138" width="220" height="26" as="geometry"/></mxCell><mxCell id="jCo7z6Fb_ZLnUFFF39sK-266" value="+ getData(): Order" style="text;strokeColor=none;fillColor=none;align=left;verticalAlign=top;spacingLeft=4;spacingRight=4;overflow=hidden;rotatable=0;points=[[0,0.5],[1,0.5]];portConstraint=eastwest;" vertex="1" parent="jCo7z6Fb_ZLnUFFF39sK-259"><mxGeometry y="164" width="220" height="26" as="geometry"/></mxCell><mxCell id="jCo7z6Fb_ZLnUFFF39sK-267" value="ReservationListElement" style="swimlane;fontStyle=1;align=center;verticalAlign=top;childLayout=stackLayout;horizontal=1;startSize=26;horizontalStack=0;resizeParent=1;resizeParentMax=0;resizeLast=0;collapsible=1;marginBottom=0;swimlaneFillColor=#ffffff;" vertex="1" parent="1"><mxGeometry x="-1360" y="1039" width="240" height="86" as="geometry"/></mxCell><mxCell id="jCo7z6Fb_ZLnUFFF39sK-268" value="+ reservation: Reservation&#10;" style="text;strokeColor=none;fillColor=none;align=left;verticalAlign=top;spacingLeft=4;spacingRight=4;overflow=hidden;rotatable=0;points=[[0,0.5],[1,0.5]];portConstraint=eastwest;" vertex="1" parent="jCo7z6Fb_ZLnUFFF39sK-267"><mxGeometry y="26" width="240" height="26" as="geometry"/></mxCell><mxCell id="jCo7z6Fb_ZLnUFFF39sK-269" value="+ nextElement: ReservationListElement*&#10;" style="text;strokeColor=none;fillColor=none;align=left;verticalAlign=top;spacingLeft=4;spacingRight=4;overflow=hidden;rotatable=0;points=[[0,0.5],[1,0.5]];portConstraint=eastwest;" vertex="1" parent="jCo7z6Fb_ZLnUFFF39sK-267"><mxGeometry y="52" width="240" height="26" as="geometry"/></mxCell><mxCell id="jCo7z6Fb_ZLnUFFF39sK-270" value="" style="line;strokeWidth=1;fillColor=none;align=left;verticalAlign=middle;spacingTop=-1;spacingLeft=3;spacingRight=3;rotatable=0;labelPosition=right;points=[];portConstraint=eastwest;" vertex="1" parent="jCo7z6Fb_ZLnUFFF39sK-267"><mxGeometry y="78" width="240" height="8" as="geometry"/></mxCell><mxCell id="jCo7z6Fb_ZLnUFFF39sK-271" value="Use" style="endArrow=open;endSize=12;dashed=1;html=1;entryX=1;entryY=0.5;" edge="1" parent="1" source="jCo7z6Fb_ZLnUFFF39sK-259" target="jCo7z6Fb_ZLnUFFF39sK-269"><mxGeometry width="160" relative="1" as="geometry"><mxPoint x="-1360" y="1552" as="sourcePoint"/><mxPoint x="-1200" y="1552" as="targetPoint"/></mxGeometry></mxCell><mxCell id="jCo7z6Fb_ZLnUFFF39sK-272" value="ReservationList" style="swimlane;fontStyle=1;align=center;verticalAlign=top;childLayout=stackLayout;horizontal=1;startSize=26;horizontalStack=0;resizeParent=1;resizeParentMax=0;resizeLast=0;collapsible=1;marginBottom=0;swimlaneFillColor=#ffffff;" vertex="1" parent="1"><mxGeometry x="-1710" y="1033" width="240" height="200" as="geometry"/></mxCell><mxCell id="jCo7z6Fb_ZLnUFFF39sK-273" value="+ head: ReservationListElement*" style="text;strokeColor=none;fillColor=none;align=left;verticalAlign=top;spacingLeft=4;spacingRight=4;overflow=hidden;rotatable=0;points=[[0,0.5],[1,0.5]];portConstraint=eastwest;" vertex="1" parent="jCo7z6Fb_ZLnUFFF39sK-272"><mxGeometry y="26" width="240" height="26" as="geometry"/></mxCell><mxCell id="jCo7z6Fb_ZLnUFFF39sK-274" value="+ tail: ReservationListElement*" style="text;strokeColor=none;fillColor=none;align=left;verticalAlign=top;spacingLeft=4;spacingRight=4;overflow=hidden;rotatable=0;points=[[0,0.5],[1,0.5]];portConstraint=eastwest;" vertex="1" parent="jCo7z6Fb_ZLnUFFF39sK-272"><mxGeometry y="52" width="240" height="26" as="geometry"/></mxCell><mxCell id="jCo7z6Fb_ZLnUFFF39sK-275" value="" style="line;strokeWidth=1;fillColor=none;align=left;verticalAlign=middle;spacingTop=-1;spacingLeft=3;spacingRight=3;rotatable=0;labelPosition=right;points=[];portConstraint=eastwest;" vertex="1" parent="jCo7z6Fb_ZLnUFFF39sK-272"><mxGeometry y="78" width="240" height="8" as="geometry"/></mxCell><mxCell id="jCo7z6Fb_ZLnUFFF39sK-276" value="+ pushFront(ReservationListElement)" style="text;strokeColor=none;fillColor=none;align=left;verticalAlign=top;spacingLeft=4;spacingRight=4;overflow=hidden;rotatable=0;points=[[0,0.5],[1,0.5]];portConstraint=eastwest;" vertex="1" parent="jCo7z6Fb_ZLnUFFF39sK-272"><mxGeometry y="86" width="240" height="26" as="geometry"/></mxCell><mxCell id="jCo7z6Fb_ZLnUFFF39sK-277" value="+ pushBack(ReservationListElement)" style="text;strokeColor=none;fillColor=none;align=left;verticalAlign=top;spacingLeft=4;spacingRight=4;overflow=hidden;rotatable=0;points=[[0,0.5],[1,0.5]];portConstraint=eastwest;" vertex="1" parent="jCo7z6Fb_ZLnUFFF39sK-272"><mxGeometry y="112" width="240" height="26" as="geometry"/></mxCell><mxCell id="jCo7z6Fb_ZLnUFFF39sK-278" value="+ removeElement(ReservationListElement)" style="text;strokeColor=none;fillColor=none;align=left;verticalAlign=top;spacingLeft=4;spacingRight=4;overflow=hidden;rotatable=0;points=[[0,0.5],[1,0.5]];portConstraint=eastwest;" vertex="1" parent="jCo7z6Fb_ZLnUFFF39sK-272"><mxGeometry y="138" width="240" height="62" as="geometry"/></mxCell><mxCell id="jCo7z6Fb_ZLnUFFF39sK-279" value="Use" style="endArrow=open;endSize=12;dashed=1;html=1;entryX=1.01;entryY=1.154;entryPerimeter=0;exitX=0.025;exitY=-0.038;exitPerimeter=0;" edge="1" parent="1" source="jCo7z6Fb_ZLnUFFF39sK-269" target="jCo7z6Fb_ZLnUFFF39sK-273"><mxGeometry width="160" relative="1" as="geometry"><mxPoint x="-1360" y="1552" as="sourcePoint"/><mxPoint x="-1200" y="1552" as="targetPoint"/></mxGeometry></mxCell><mxCell id="jCo7z6Fb_ZLnUFFF39sK-280" value="Use" style="endArrow=open;endSize=12;dashed=1;html=1;" edge="1" parent="1" source="jCo7z6Fb_ZLnUFFF39sK-272" target="jCo7z6Fb_ZLnUFFF39sK-246"><mxGeometry width="160" relative="1" as="geometry"><mxPoint x="-1380" y="1552" as="sourcePoint"/><mxPoint x="-1220" y="1552" as="targetPoint"/></mxGeometry></mxCell><mxCell id="jCo7z6Fb_ZLnUFFF39sK-281" style="edgeStyle=orthogonalEdgeStyle;rounded=0;html=1;exitX=0.75;exitY=0;entryX=0.75;entryY=0;jettySize=auto;orthogonalLoop=1;" edge="1" parent="1" source="jCo7z6Fb_ZLnUFFF39sK-259" target="jCo7z6Fb_ZLnUFFF39sK-259"><mxGeometry relative="1" as="geometry"/></mxCell><mxCell id="jCo7z6Fb_ZLnUFFF39sK-282" value="MenuItem" style="swimlane;fontStyle=1;align=center;verticalAlign=top;childLayout=stackLayout;horizontal=1;startSize=26;horizontalStack=0;resizeParent=1;resizeParentMax=0;resizeLast=0;collapsible=1;marginBottom=0;swimlaneFillColor=#ffffff;" vertex="1" parent="1"><mxGeometry x="-1550" y="305.2941176470588" width="160" height="150" as="geometry"/></mxCell><mxCell id="jCo7z6Fb_ZLnUFFF39sK-283" value="# name: string&#10;# price: float&#10;# discountedPrice : float" style="text;strokeColor=none;fillColor=none;align=left;verticalAlign=top;spacingLeft=4;spacingRight=4;overflow=hidden;rotatable=0;points=[[0,0.5],[1,0.5]];portConstraint=eastwest;" vertex="1" parent="jCo7z6Fb_ZLnUFFF39sK-282"><mxGeometry y="26" width="160" height="64" as="geometry"/></mxCell><mxCell id="jCo7z6Fb_ZLnUFFF39sK-284" value="" style="line;strokeWidth=1;fillColor=none;align=left;verticalAlign=middle;spacingTop=-1;spacingLeft=3;spacingRight=3;rotatable=0;labelPosition=right;points=[];portConstraint=eastwest;" vertex="1" parent="jCo7z6Fb_ZLnUFFF39sK-282"><mxGeometry y="90" width="160" height="8" as="geometry"/></mxCell><mxCell id="jCo7z6Fb_ZLnUFFF39sK-285" value="+ getField(): type" style="text;strokeColor=none;fillColor=none;align=left;verticalAlign=top;spacingLeft=4;spacingRight=4;overflow=hidden;rotatable=0;points=[[0,0.5],[1,0.5]];portConstraint=eastwest;" vertex="1" parent="jCo7z6Fb_ZLnUFFF39sK-282"><mxGeometry y="98" width="160" height="26" as="geometry"/></mxCell><mxCell id="jCo7z6Fb_ZLnUFFF39sK-286" value="+ setField()" style="text;strokeColor=none;fillColor=none;align=left;verticalAlign=top;spacingLeft=4;spacingRight=4;overflow=hidden;rotatable=0;points=[[0,0.5],[1,0.5]];portConstraint=eastwest;" vertex="1" parent="jCo7z6Fb_ZLnUFFF39sK-282"><mxGeometry y="124" width="160" height="26" as="geometry"/></mxCell><mxCell id="jCo7z6Fb_ZLnUFFF39sK-287" value="Use" style="endArrow=open;endSize=12;dashed=1;html=1;" edge="1" parent="1" source="jCo7z6Fb_ZLnUFFF39sK-283" target="jCo7z6Fb_ZLnUFFF39sK-221"><mxGeometry width="160" relative="1" as="geometry"><mxPoint x="-1380" y="1732" as="sourcePoint"/><mxPoint x="-1279.0266940451747" y="1479" as="targetPoint"/></mxGeometry></mxCell><mxCell id="jCo7z6Fb_ZLnUFFF39sK-288" value="Text" style="text;html=1;resizable=0;points=[];autosize=1;align=left;verticalAlign=top;spacingTop=-4;" vertex="1" parent="1"><mxGeometry x="-1334" y="538.2941176470588" width="40" height="20" as="geometry"/></mxCell><mxCell id="jCo7z6Fb_ZLnUFFF39sK-289" value="Dish" style="swimlane;fontStyle=1;align=center;verticalAlign=top;childLayout=stackLayout;horizontal=1;startSize=26;horizontalStack=0;resizeParent=1;resizeParentMax=0;resizeLast=0;collapsible=1;marginBottom=0;swimlaneFillColor=#ffffff;" vertex="1" parent="1"><mxGeometry x="-1690" y="547.2941176470588" width="160" height="86" as="geometry"/></mxCell><mxCell id="jCo7z6Fb_ZLnUFFF39sK-290" value="# type: string" style="text;strokeColor=none;fillColor=none;align=left;verticalAlign=top;spacingLeft=4;spacingRight=4;overflow=hidden;rotatable=0;points=[[0,0.5],[1,0.5]];portConstraint=eastwest;" vertex="1" parent="jCo7z6Fb_ZLnUFFF39sK-289"><mxGeometry y="26" width="160" height="26" as="geometry"/></mxCell><mxCell id="jCo7z6Fb_ZLnUFFF39sK-291" value="" style="line;strokeWidth=1;fillColor=none;align=left;verticalAlign=middle;spacingTop=-1;spacingLeft=3;spacingRight=3;rotatable=0;labelPosition=right;points=[];portConstraint=eastwest;" vertex="1" parent="jCo7z6Fb_ZLnUFFF39sK-289"><mxGeometry y="52" width="160" height="8" as="geometry"/></mxCell><mxCell id="jCo7z6Fb_ZLnUFFF39sK-292" value="+ getType(): string" style="text;strokeColor=none;fillColor=none;align=left;verticalAlign=top;spacingLeft=4;spacingRight=4;overflow=hidden;rotatable=0;points=[[0,0.5],[1,0.5]];portConstraint=eastwest;" vertex="1" parent="jCo7z6Fb_ZLnUFFF39sK-289"><mxGeometry y="60" width="160" height="26" as="geometry"/></mxCell><mxCell id="jCo7z6Fb_ZLnUFFF39sK-293" value="Drink" style="swimlane;fontStyle=1;align=center;verticalAlign=top;childLayout=stackLayout;horizontal=1;startSize=26;horizontalStack=0;resizeParent=1;resizeParentMax=0;resizeLast=0;collapsible=1;marginBottom=0;swimlaneFillColor=#ffffff;" vertex="1" parent="1"><mxGeometry x="-1370" y="543.2941176470588" width="160" height="86" as="geometry"/></mxCell><mxCell id="jCo7z6Fb_ZLnUFFF39sK-294" value="# isAlcohol: boolean" style="text;strokeColor=none;fillColor=none;align=left;verticalAlign=top;spacingLeft=4;spacingRight=4;overflow=hidden;rotatable=0;points=[[0,0.5],[1,0.5]];portConstraint=eastwest;" vertex="1" parent="jCo7z6Fb_ZLnUFFF39sK-293"><mxGeometry y="26" width="160" height="26" as="geometry"/></mxCell><mxCell id="jCo7z6Fb_ZLnUFFF39sK-295" value="" style="line;strokeWidth=1;fillColor=none;align=left;verticalAlign=middle;spacingTop=-1;spacingLeft=3;spacingRight=3;rotatable=0;labelPosition=right;points=[];portConstraint=eastwest;" vertex="1" parent="jCo7z6Fb_ZLnUFFF39sK-293"><mxGeometry y="52" width="160" height="8" as="geometry"/></mxCell><mxCell id="jCo7z6Fb_ZLnUFFF39sK-296" value="+ isAlcohol(): boolean" style="text;strokeColor=none;fillColor=none;align=left;verticalAlign=top;spacingLeft=4;spacingRight=4;overflow=hidden;rotatable=0;points=[[0,0.5],[1,0.5]];portConstraint=eastwest;" vertex="1" parent="jCo7z6Fb_ZLnUFFF39sK-293"><mxGeometry y="60" width="160" height="26" as="geometry"/></mxCell><mxCell id="jCo7z6Fb_ZLnUFFF39sK-297" value="Extends" style="endArrow=block;endSize=16;endFill=0;html=1;" edge="1" parent="1" source="jCo7z6Fb_ZLnUFFF39sK-289" target="jCo7z6Fb_ZLnUFFF39sK-286"><mxGeometry width="160" relative="1" as="geometry"><mxPoint x="-1690" y="661.2941176470588" as="sourcePoint"/><mxPoint x="-1530" y="661.2941176470588" as="targetPoint"/></mxGeometry></mxCell><mxCell id="jCo7z6Fb_ZLnUFFF39sK-298" value="Extends" style="endArrow=block;endSize=16;endFill=0;html=1;exitX=0.5;exitY=0;" edge="1" parent="1" source="jCo7z6Fb_ZLnUFFF39sK-293" target="jCo7z6Fb_ZLnUFFF39sK-286"><mxGeometry width="160" relative="1" as="geometry"><mxPoint x="-1690" y="661.2941176470588" as="sourcePoint"/><mxPoint x="-1530" y="661.2941176470588" as="targetPoint"/></mxGeometry></mxCell><mxCell id="jCo7z6Fb_ZLnUFFF39sK-299" value="Use" style="endArrow=open;endSize=12;dashed=1;html=1;exitX=0.25;exitY=0;" edge="1" parent="1" source="jCo7z6Fb_ZLnUFFF39sK-259" target="jCo7z6Fb_ZLnUFFF39sK-221"><mxGeometry width="160" relative="1" as="geometry"><mxPoint x="-1710" y="1612" as="sourcePoint"/><mxPoint x="-1040" y="949.6470588235294" as="targetPoint"/></mxGeometry></mxCell><mxCell id="jCo7z6Fb_ZLnUFFF39sK-300" value="Use" style="endArrow=open;endSize=12;dashed=1;html=1;exitX=1;exitY=0.269;exitPerimeter=0;entryX=0.25;entryY=0;" edge="1" parent="1" source="jCo7z6Fb_ZLnUFFF39sK-266" target="jCo7z6Fb_ZLnUFFF39sK-13"><mxGeometry width="160" relative="1" as="geometry"><mxPoint x="-690" y="1280" as="sourcePoint"/><mxPoint x="-569" y="1226" as="targetPoint"/></mxGeometry></mxCell><mxCell id="jCo7z6Fb_ZLnUFFF39sK-301" value="Use" style="endArrow=open;endSize=12;dashed=1;html=1;exitX=-0.005;exitY=0.186;exitPerimeter=0;entryX=1;entryY=0.5;" edge="1" parent="1" source="jCo7z6Fb_ZLnUFFF39sK-216" target="jCo7z6Fb_ZLnUFFF39sK-248"><mxGeometry width="160" relative="1" as="geometry"><mxPoint x="-890" y="905.5" as="sourcePoint"/><mxPoint x="-730" y="905.5" as="targetPoint"/></mxGeometry></mxCell><mxCell id="jCo7z6Fb_ZLnUFFF39sK-302" value="Use" style="endArrow=open;endSize=12;dashed=1;html=1;entryX=0.75;entryY=0;exitX=0.25;exitY=1;" edge="1" parent="1" source="jCo7z6Fb_ZLnUFFF39sK-221" target="jCo7z6Fb_ZLnUFFF39sK-13"><mxGeometry width="160" relative="1" as="geometry"><mxPoint x="-1120" y="920" as="sourcePoint"/><mxPoint x="-960" y="920" as="targetPoint"/></mxGeometry></mxCell><mxCell id="jCo7z6Fb_ZLnUFFF39sK-303" value="Use" style="endArrow=open;endSize=12;dashed=1;html=1;" edge="1" parent="1"><mxGeometry width="160" relative="1" as="geometry"><mxPoint x="-1880" y="1650" as="sourcePoint"/><mxPoint x="-1720" y="1650" as="targetPoint"/></mxGeometry></mxCell><mxCell id="jCo7z6Fb_ZLnUFFF39sK-304" value="Use" style="endArrow=open;endSize=12;dashed=1;html=1;exitX=0.267;exitY=1.077;exitPerimeter=0;" edge="1" parent="1" source="jCo7z6Fb_ZLnUFFF39sK-209" target="jCo7z6Fb_ZLnUFFF39sK-13"><mxGeometry width="160" relative="1" as="geometry"><mxPoint x="-380" y="1210" as="sourcePoint"/><mxPoint x="-220" y="1210" as="targetPoint"/></mxGeometry></mxCell></root></mxGraphModel>